item,quantity,value,units
1,rho at 300 K,0.7459 +/- 0.0102,Ohm m
1,rho at 300 K,74.59 +/- 1.02,Ohm cm
1,R_H at 300 K,-0.0904 +/- 0.0014,m^3/C
1,B where E_Hall = E_ohmic,8.245  (82446 G),T
2,extrinsic/intrinsic transition,242,K
2,crossover region,245 - 271,K
3,"band gap, ln(sigma) fit",0.783 +/- 0.001,eV
3,"band gap, T^+0.38 corrected",0.804 +/- 0.001,eV
5,"mobility ratio b, method A",1.55,
5,"mobility ratio b, method B",1.58,
6,T_0 where R_H = 0,271.3,K
7,carrier type,p-type (acceptor-doped),
8,carrier conc. at plateau,2.143e+12,cm^-3
9,Hall mobility at 300 K,1213,cm^2/Vs
10,"N_A, r_H = 1",2.143e+12,cm^-3
10,"N_A, r_H = 3pi/8",2.525e+12,cm^-3
11,"mu_p, extrinsic",7941,cm^2/Vs
11,"mu_n = b mu_p, extrinsic",12285,cm^2/Vs
12,magnetoresistance at 300 K,+3.6,%
12,magnetoresistance at 110 K,+38.6,%
